"Nom de la Station","DEASE LAKE"
"Province","BRITISH COLUMBIA"
"Latitude","58,43"
"Longitude","-130,01"
"Altitude","806,60"
"Identification Climat","1192340"
"Identification OMM","71958"
"Identification TC","WDL"
"Toutes les heures sont exprimées en heure normale locale (HNL). Pour convertir l'heure locale en heure avancée de l'Est (HAE), ajoutez 1 heure s'il y a lieu."

"Légende"
"M","Données Manquantes"
"E","Valeur Estimée"
"ND","Non Disponible"
"**","Données fournies par un partenaire, non assujetties à un révision par les Archives climatiques nationales du Canada"

"Date/Heure","Année","Mois","Jour","Heure","Qualité des Données","Temp (°C)","Temp Indicateur","Point de rosée (°C)","Point de rosée Indicateur","Hum. rel (%)","Hum. rel. Indicateur","Dir. du vent (10s deg)","Dir. du vent Indicateur","Vit. du vent (km/h)","Vit. du vent Indicateur","Visibilité (km)","Visibilité Indicateur","Pression à la station (kPa)","Pression à la station Indicateur","Hmdx","Hmdx Indicateur","Refroid. éolien","Refroid. éolien Indicateur","Temps"
"1999-06-01 00:00","1999","06","01","00:00"," ","","","","","","","","","","","","","","","","","","",""
"1999-06-01 01:00","1999","06","01","01:00"," ","","","","","","","","","","","","","","","","","","",""
"1999-06-01 02:00","1999","06","01","02:00"," ","","","","","","","","","","","","","","","","","","",""
"1999-06-01 03:00","1999","06","01","03:00"," ","","","","","","","","","","","","","","","","","","",""
"1999-06-01 04:00","1999","06","01","04:00"," ","","","","","","","","","","","","","","","","","","",""
"1999-06-01 05:00","1999","06","01","05:00"," ","","","","","","","","","","","","","","","","","","",""
"1999-06-01 06:00","1999","06","01","06:00"," ","3,20","","1,30","","87,00","","0,00","","0,00","","24,10","","92,11","","","","","","Généralement dégagé"
"1999-06-01 07:00","1999","06","01","07:00"," ","5,70","","2,20","","78,00","","19,00","","6,00","","24,10","","92,17","","","","","","Généralement dégagé"
"1999-06-01 08:00","1999","06","01","08:00"," ","8,40","","2,50","","66,00","","16,00","","6,00","","24,10","","92,20","","","","","","Généralement dégagé"
"1999-06-01 09:00","1999","06","01","09:00"," ","10,50","","2,60","","58,00","","17,00","","11,00","","24,10","","92,20","","","","","","Généralement dégagé"
"1999-06-01 10:00","1999","06","01","10:00"," ","12,00","","3,20","","55,00","","15,00","","6,00","","24,10","","92,14","","","","","","Généralement dégagé"
"1999-06-01 11:00","1999","06","01","11:00"," ","14,20","","2,50","","45,00","","16,00","","6,00","","24,10","","92,11","","","","","","Généralement nuageux"
"1999-06-01 12:00","1999","06","01","12:00"," ","13,90","","1,40","","43,00","","29,00","","7,00","","24,10","","92,05","","","","","","Généralement nuageux"
"1999-06-01 13:00","1999","06","01","13:00"," ","14,40","","2,70","","45,00","","18,00","","7,00","","24,10","","91,99","","","","","","Généralement nuageux"
"1999-06-01 14:00","1999","06","01","14:00"," ","","","","","","","","","","","","","","","","","","",""
"1999-06-01 15:00","1999","06","01","15:00"," ","","","","","","","","","","","","","","","","","","",""
"1999-06-01 16:00","1999","06","01","16:00"," ","","","","","","","","","","","","","","","","","","",""
"1999-06-01 17:00","1999","06","01","17:00"," ","","","","","","","","","","","","","","","","","","",""
"1999-06-01 18:00","1999","06","01","18:00"," ","","","","","","","","","","","","","","","","","","",""
"1999-06-01 19:00","1999","06","01","19:00"," ","","","","","","","","","","","","","","","","","","",""
"1999-06-01 20:00","1999","06","01","20:00"," ","","","","","","","","","","","","","","","","","","",""
"1999-06-01 21:00","1999","06","01","21:00"," ","","","","","","","","","","","","","","","","","","",""
"1999-06-01 22:00","1999","06","01","22:00"," ","","","","","","","","","","","","","","","","","","",""
"1999-06-01 23:00","1999","06","01","23:00"," ","","","","","","","","","","","","","","","","","","",""
"1999-06-02 00:00","1999","06","02","00:00"," ","","","","","","","","","","","","","","","","","","",""
"1999-06-02 01:00","1999","06","02","01:00"," ","","","","","","","","","","","","","","","","","","",""
"1999-06-02 02:00","1999","06","02","02:00"," ","","","","","","","","","","","","","","","","","","",""
"1999-06-02 03:00","1999","06","02","03:00"," ","","","","","","","","","","","","","","","","","","",""
"1999-06-02 04:00","1999","06","02","04:00"," ","","","","","","","","","","","","","","","","","","",""
"1999-06-02 05:00","1999","06","02","05:00"," ","","","","","","","","","","","","","","","","","","",""
"1999-06-02 06:00","1999","06","02","06:00"," ","5,60","","1,30","","74,00","","0,00","","0,00","","24,10","","91,83","","","","","","Nuageux"
"1999-06-02 07:00","1999","06","02","07:00"," ","7,70","","2,20","","68,00","","17,00","","6,00","","24,10","","91,80","","","","","","Nuageux"
"1999-06-02 08:00","1999","06","02","08:00"," ","8,90","","2,60","","65,00","","25,00","","6,00","","24,10","","91,77","","","","","","Généralement nuageux"
"1999-06-02 09:00","1999","06","02","09:00"," ","10,30","","2,60","","59,00","","0,00","","0,00","","24,10","","91,70","","","","","","Nuageux"
"1999-06-02 10:00","1999","06","02","10:00"," ","11,00","","1,80","","53,00","","24,00","","13,00","","24,10","","91,67","","","","","","Nuageux"
"1999-06-02 11:00","1999","06","02","11:00"," ","10,50","","0,70","","51,00","","24,00","","15,00","","24,10","","91,67","","","","","","Nuageux"
"1999-06-02 12:00","1999","06","02","12:00"," ","8,70","","4,70","","76,00","","24,00","","7,00","","19,30","","91,70","","","","","","Pluie"
"1999-06-02 13:00","1999","06","02","13:00"," ","10,00","","3,40","","64,00","","26,00","","13,00","","24,10","","91,64","","","","","","Nuageux"
"1999-06-02 14:00","1999","06","02","14:00"," ","","","","","","","","","","","","","","","","","","",""
"1999-06-02 15:00","1999","06","02","15:00"," ","","","","","","","","","","","","","","","","","","",""
"1999-06-02 16:00","1999","06","02","16:00"," ","","","","","","","","","","","","","","","","","","",""
"1999-06-02 17:00","1999","06","02","17:00"," ","","","","","","","","","","","","","","","","","","",""
"1999-06-02 18:00","1999","06","02","18:00"," ","","","","","","","","","","","","","","","","","","",""
"1999-06-02 19:00","1999","06","02","19:00"," ","","","","","","","","","","","","","","","","","","",""
"1999-06-02 20:00","1999","06","02","20:00"," ","","","","","","","","","","","","","","","","","","",""
"1999-06-02 21:00","1999","06","02","21:00"," ","","","","","","","","","","","","","","","","","","",""
"1999-06-02 22:00","1999","06","02","22:00"," ","","","","","","","","","","","","","","","","","","",""
"1999-06-02 23:00","1999","06","02","23:00"," ","","","","","","","","","","","","","","","","","","",""
"1999-06-03 00:00","1999","06","03","00:00"," ","","","","","","","","","","","","","","","","","","",""
"1999-06-03 01:00","1999","06","03","01:00"," ","","","","","","","","","","","","","","","","","","",""
"1999-06-03 02:00","1999","06","03","02:00"," ","","","","","","","","","","","","","","","","","","",""
"1999-06-03 03:00","1999","06","03","03:00"," ","","","","","","","","","","","","","","","","","","",""
"1999-06-03 04:00","1999","06","03","04:00"," ","","","","","","","","","","","","","","","","","","",""
"1999-06-03 05:00","1999","06","03","05:00"," ","","","","","","","","","","","","","","","","","","",""
"1999-06-03 06:00","1999","06","03","06:00"," ","4,60","","4,10","","97,00","","17,00","","13,00","","24,10","","91,33","","","","","","Nuageux"
"1999-06-03 07:00","1999","06","03","07:00"," ","4,90","","4,20","","95,00","","18,00","","9,00","","24,10","","91,33","","","","","","Généralement nuageux"
"1999-06-03 08:00","1999","06","03","08:00"," ","6,00","","4,80","","92,00","","18,00","","13,00","","24,10","","91,33","","","","","","Généralement nuageux"
"1999-06-03 09:00","1999","06","03","09:00"," ","6,20","","4,40","","88,00","","17,00","","7,00","","24,10","","91,33","","","","","","Averses de pluie"
"1999-06-03 10:00","1999","06","03","10:00"," ","8,20","","4,50","","77,00","","24,00","","9,00","","24,10","","91,30","","","","","","Généralement nuageux"
"1999-06-03 11:00","1999","06","03","11:00"," ","8,50","","1,60","","62,00","","24,00","","20,00","","24,10","","91,27","","","","","","Nuageux"
"1999-06-03 12:00","1999","06","03","12:00"," ","7,60","","0,30","","60,00","","23,00","","11,00","","24,10","","91,30","","","","","","Nuageux"
"1999-06-03 13:00","1999","06","03","13:00"," ","6,50","","2,90","","78,00","","29,00","","22,00","","16,10","","91,33","","","","","","Averses de pluie"
"1999-06-03 14:00","1999","06","03","14:00"," ","","","","","","","","","","","","","","","","","","",""
"1999-06-03 15:00","1999","06","03","15:00"," ","","","","","","","","","","","","","","","","","","",""
"1999-06-03 16:00","1999","06","03","16:00"," ","","","","","","","","","","","","","","","","","","",""
"1999-06-03 17:00","1999","06","03","17:00"," ","","","","","","","","","","","","","","","","","","",""
"1999-06-03 18:00","1999","06","03","18:00"," ","","","","","","","","","","","","","","","","","","",""
"1999-06-03 19:00","1999","06","03","19:00"," ","","","","","","","","","","","","","","","","","","",""
"1999-06-03 20:00","1999","06","03","20:00"," ","","","","","","","","","","","","","","","","","","",""
"1999-06-03 21:00","1999","06","03","21:00"," ","","","","","","","","","","","","","","","","","","",""
"1999-06-03 22:00","1999","06","03","22:00"," ","","","","","","","","","","","","","","","","","","",""
"1999-06-03 23:00","1999","06","03","23:00"," ","","","","","","","","","","","","","","","","","","",""
"1999-06-04 00:00","1999","06","04","00:00"," ","","","","","","","","","","","","","","","","","","",""
"1999-06-04 01:00","1999","06","04","01:00"," ","","","","","","","","","","","","","","","","","","",""
"1999-06-04 02:00","1999","06","04","02:00"," ","","","","","","","","","","","","","","","","","","",""
"1999-06-04 03:00","1999","06","04","03:00"," ","","","","","","","","","","","","","","","","","","",""
"1999-06-04 04:00","1999","06","04","04:00"," ","","","","","","","","","","","","","","","","","","",""
"1999-06-04 05:00","1999","06","04","05:00"," ","","","","","","","","","","","","","","","","","","",""
"1999-06-04 06:00","1999","06","04","06:00"," ","2,20","","0,80","","90,00","","17,00","","6,00","","24,10","","91,39","","","","","","Généralement nuageux"
"1999-06-04 07:00","1999","06","04","07:00"," ","2,90","","1,30","","89,00","","16,00","","6,00","","24,10","","91,36","","","","","","Généralement nuageux"
"1999-06-04 08:00","1999","06","04","08:00"," ","3,60","","1,40","","86,00","","16,00","","6,00","","24,10","","91,33","","","","","","Généralement nuageux"
"1999-06-04 09:00","1999","06","04","09:00"," ","4,60","","0,10","","73,00","","14,00","","4,00","","24,10","","91,23","","","","","","Généralement nuageux"
"1999-06-04 10:00","1999","06","04","10:00"," ","6,50","","-0,60","","60,00","","4,00","","7,00","","24,10","","91,14","","","","","","Généralement nuageux"
"1999-06-04 11:00","1999","06","04","11:00"," ","6,80","","-2,40","","52,00","","0,00","","0,00","","24,10","","91,05","","","","","","Généralement nuageux"
"1999-06-04 12:00","1999","06","04","12:00"," ","7,90","","-2,90","","46,00","","2,00","","11,00","","24,10","","90,95","","","","","","Généralement nuageux"
"1999-06-04 13:00","1999","06","04","13:00"," ","11,90","","-2,00","","38,00","","18,00","","7,00","","24,10","","90,83","","","","","","Nuageux"
"1999-06-04 14:00","1999","06","04","14:00"," ","","","","","","","","","","","","","","","","","","",""
"1999-06-04 15:00","1999","06","04","15:00"," ","","","","","","","","","","","","","","","","","","",""
"1999-06-04 16:00","1999","06","04","16:00"," ","","","","","","","","","","","","","","","","","","",""
"1999-06-04 17:00","1999","06","04","17:00"," ","","","","","","","","","","","","","","","","","","",""
"1999-06-04 18:00","1999","06","04","18:00"," ","","","","","","","","","","","","","","","","","","",""
"1999-06-04 19:00","1999","06","04","19:00"," ","","","","","","","","","","","","","","","","","","",""
"1999-06-04 20:00","1999","06","04","20:00"," ","","","","","","","","","","","","","","","","","","",""
"1999-06-04 21:00","1999","06","04","21:00"," ","","","","","","","","","","","","","","","","","","",""
"1999-06-04 22:00","1999","06","04","22:00"," ","","","","","","","","","","","","","","","","","","",""
"1999-06-04 23:00","1999","06","04","23:00"," ","","","","","","","","","","","","","","","","","","",""
"1999-06-05 00:00","1999","06","05","00:00"," ","","","","","","","","","","","","","","","","","","",""
"1999-06-05 01:00","1999","06","05","01:00"," ","","","","","","","","","","","","","","","","","","",""
"1999-06-05 02:00","1999","06","05","02:00"," ","","","","","","","","","","","","","","","","","","",""
"1999-06-05 03:00","1999","06","05","03:00"," ","","","","","","","","","","","","","","","","","","",""
"1999-06-05 04:00","1999","06","05","04:00"," ","","","","","","","","","","","","","","","","","","",""
"1999-06-05 05:00","1999","06","05","05:00"," ","","","","","","","","","","","","","","","","","","",""
"1999-06-05 06:00","1999","06","05","06:00"," ","","","","","","","","","","","","","","","","","","",""
"1999-06-05 07:00","1999","06","05","07:00"," ","","","","","","","","","","","","","","","","","","",""
"1999-06-05 08:00","1999","06","05","08:00"," ","","","","","","","","","","","","","","","","","","",""
"1999-06-05 09:00","1999","06","05","09:00"," ","","","","","","","","","","","","","","","","","","",""
"1999-06-05 10:00","1999","06","05","10:00"," ","","","","","","","","","","","","","","","","","","",""
"1999-06-05 11:00","1999","06","05","11:00"," ","","","","","","","","","","","","","","","","","","",""
"1999-06-05 12:00","1999","06","05","12:00"," ","","","","","","","","","","","","","","","","","","",""
"1999-06-05 13:00","1999","06","05","13:00"," ","","","","","","","","","","","","","","","","","","",""
"1999-06-05 14:00","1999","06","05","14:00"," ","","","","","","","","","","","","","","","","","","",""
"1999-06-05 15:00","1999","06","05","15:00"," ","","","","","","","","","","","","","","","","","","",""
"1999-06-05 16:00","1999","06","05","16:00"," ","","","","","","","","","","","","","","","","","","",""
"1999-06-05 17:00","1999","06","05","17:00"," ","","","","","","","","","","","","","","","","","","",""
"1999-06-05 18:00","1999","06","05","18:00"," ","","","","","","","","","","","","","","","","","","",""
"1999-06-05 19:00","1999","06","05","19:00"," ","","","","","","","","","","","","","","","","","","",""
"1999-06-05 20:00","1999","06","05","20:00"," ","","","","","","","","","","","","","","","","","","",""
"1999-06-05 21:00","1999","06","05","21:00"," ","","","","","","","","","","","","","","","","","","",""
"1999-06-05 22:00","1999","06","05","22:00"," ","","","","","","","","","","","","","","","","","","",""
"1999-06-05 23:00","1999","06","05","23:00"," ","","","","","","","","","","","","","","","","","","",""
"1999-06-06 00:00","1999","06","06","00:00"," ","","","","","","","","","","","","","","","","","","",""
"1999-06-06 01:00","1999","06","06","01:00"," ","","","","","","","","","","","","","","","","","","",""
"1999-06-06 02:00","1999","06","06","02:00"," ","","","","","","","","","","","","","","","","","","",""
"1999-06-06 03:00","1999","06","06","03:00"," ","","","","","","","","","","","","","","","","","","",""
"1999-06-06 04:00","1999","06","06","04:00"," ","","","","","","","","","","","","","","","","","","",""
"1999-06-06 05:00","1999","06","06","05:00"," ","","","","","","","","","","","","","","","","","","",""
"1999-06-06 06:00","1999","06","06","06:00"," ","","","","","","","","","","","","","","","","","","",""
"1999-06-06 07:00","1999","06","06","07:00"," ","","","","","","","","","","","","","","","","","","",""
"1999-06-06 08:00","1999","06","06","08:00"," ","","","","","","","","","","","","","","","","","","",""
"1999-06-06 09:00","1999","06","06","09:00"," ","","","","","","","","","","","","","","","","","","",""
"1999-06-06 10:00","1999","06","06","10:00"," ","","","","","","","","","","","","","","","","","","",""
"1999-06-06 11:00","1999","06","06","11:00"," ","","","","","","","","","","","","","","","","","","",""
"1999-06-06 12:00","1999","06","06","12:00"," ","","","","","","","","","","","","","","","","","","",""
"1999-06-06 13:00","1999","06","06","13:00"," ","","","","","","","","","","","","","","","","","","",""
"1999-06-06 14:00","1999","06","06","14:00"," ","","","","","","","","","","","","","","","","","","",""
"1999-06-06 15:00","1999","06","06","15:00"," ","","","","","","","","","","","","","","","","","","",""
"1999-06-06 16:00","1999","06","06","16:00"," ","","","","","","","","","","","","","","","","","","",""
"1999-06-06 17:00","1999","06","06","17:00"," ","","","","","","","","","","","","","","","","","","",""
"1999-06-06 18:00","1999","06","06","18:00"," ","","","","","","","","","","","","","","","","","","",""
"1999-06-06 19:00","1999","06","06","19:00"," ","","","","","","","","","","","","","","","","","","",""
"1999-06-06 20:00","1999","06","06","20:00"," ","","","","","","","","","","","","","","","","","","",""
"1999-06-06 21:00","1999","06","06","21:00"," ","","","","","","","","","","","","","","","","","","",""
"1999-06-06 22:00","1999","06","06","22:00"," ","","","","","","","","","","","","","","","","","","",""
"1999-06-06 23:00","1999","06","06","23:00"," ","","","","","","","","","","","","","","","","","","",""
"1999-06-07 00:00","1999","06","07","00:00"," ","","","","","","","","","","","","","","","","","","",""
"1999-06-07 01:00","1999","06","07","01:00"," ","","","","","","","","","","","","","","","","","","",""
"1999-06-07 02:00","1999","06","07","02:00"," ","","","","","","","","","","","","","","","","","","",""
"1999-06-07 03:00","1999","06","07","03:00"," ","","","","","","","","","","","","","","","","","","",""
"1999-06-07 04:00","1999","06","07","04:00"," ","","","","","","","","","","","","","","","","","","",""
"1999-06-07 05:00","1999","06","07","05:00"," ","","","","","","","","","","","","","","","","","","",""
"1999-06-07 06:00","1999","06","07","06:00"," ","5,00","","1,20","","76,00","","0,00","","0,00","","24,10","","92,17","","","","","","Généralement nuageux"
"1999-06-07 07:00","1999","06","07","07:00"," ","8,20","","2,80","","69,00","","16,00","","6,00","","24,10","","92,14","","","","","","Généralement dégagé"
"1999-06-07 08:00","1999","06","07","08:00"," ","11,50","","3,10","","56,00","","16,00","","6,00","","24,10","","92,11","","","","","","Généralement nuageux"
"1999-06-07 09:00","1999","06","07","09:00"," ","12,20","","3,20","","54,00","","16,00","","4,00","","24,10","","92,05","","","","","","Généralement nuageux"
"1999-06-07 10:00","1999","06","07","10:00"," ","14,50","","3,20","","47,00","","3,00","","4,00","","24,10","","91,99","","","","","","Généralement nuageux"
"1999-06-07 11:00","1999","06","07","11:00"," ","15,50","","1,00","","37,00","","3,00","","9,00","","24,10","","91,95","","","","","","Généralement nuageux"
"1999-06-07 12:00","1999","06","07","12:00"," ","15,80","","0,10","","34,00","","2,00","","6,00","","24,10","","91,86","","","","","","Généralement nuageux"
"1999-06-07 13:00","1999","06","07","13:00"," ","15,50","","1,00","","37,00","","36,00","","15,00","","24,10","","91,83","","","","","","Généralement nuageux"
"1999-06-07 14:00","1999","06","07","14:00"," ","","","","","","","","","","","","","","","","","","",""
"1999-06-07 15:00","1999","06","07","15:00"," ","","","","","","","","","","","","","","","","","","",""
"1999-06-07 16:00","1999","06","07","16:00"," ","","","","","","","","","","","","","","","","","","",""
"1999-06-07 17:00","1999","06","07","17:00"," ","","","","","","","","","","","","","","","","","","",""
"1999-06-07 18:00","1999","06","07","18:00"," ","","","","","","","","","","","","","","","","","","",""
"1999-06-07 19:00","1999","06","07","19:00"," ","","","","","","","","","","","","","","","","","","",""
"1999-06-07 20:00","1999","06","07","20:00"," ","","","","","","","","","","","","","","","","","","",""
"1999-06-07 21:00","1999","06","07","21:00"," ","","","","","","","","","","","","","","","","","","",""
"1999-06-07 22:00","1999","06","07","22:00"," ","","","","","","","","","","","","","","","","","","",""
"1999-06-07 23:00","1999","06","07","23:00"," ","","","","","","","","","","","","","","","","","","",""
"1999-06-08 00:00","1999","06","08","00:00"," ","","","","","","","","","","","","","","","","","","",""
"1999-06-08 01:00","1999","06","08","01:00"," ","","","","","","","","","","","","","","","","","","",""
"1999-06-08 02:00","1999","06","08","02:00"," ","","","","","","","","","","","","","","","","","","",""
"1999-06-08 03:00","1999","06","08","03:00"," ","","","","","","","","","","","","","","","","","","",""
"1999-06-08 04:00","1999","06","08","04:00"," ","","","","","","","","","","","","","","","","","","",""
"1999-06-08 05:00","1999","06","08","05:00"," ","","","","","","","","","","","","","","","","","","",""
"1999-06-08 06:00","1999","06","08","06:00"," ","8,20","","3,70","","73,00","","15,00","","6,00","","24,10","","91,95","","","","","","Généralement nuageux"
"1999-06-08 07:00","1999","06","08","07:00"," ","9,80","","4,70","","71,00","","18,00","","6,00","","24,10","","91,95","","","","","","Généralement nuageux"
"1999-06-08 08:00","1999","06","08","08:00"," ","10,00","","4,30","","68,00","","24,00","","7,00","","24,10","","91,92","","","","","","Généralement nuageux"
"1999-06-08 09:00","1999","06","08","09:00"," ","13,20","","5,70","","60,00","","15,00","","9,00","","24,10","","91,92","","","","","","Généralement nuageux"
"1999-06-08 10:00","1999","06","08","10:00"," ","15,60","","4,50","","48,00","","15,00","","7,00","","24,10","","91,89","","","","","","Généralement nuageux"
"1999-06-08 11:00","1999","06","08","11:00"," ","16,80","","2,70","","39,00","","24,00","","6,00","","24,10","","91,83","","","","","","Généralement nuageux"
"1999-06-08 12:00","1999","06","08","12:00"," ","16,40","","3,50","","42,00","","22,00","","11,00","","24,10","","91,83","","","","","","Généralement nuageux"
"1999-06-08 13:00","1999","06","08","13:00"," ","19,50","","4,00","","36,00","","21,00","","15,00","","24,10","","91,77","","","","","","Généralement nuageux"
"1999-06-08 14:00","1999","06","08","14:00"," ","","","","","","","","","","","","","","","","","","",""
"1999-06-08 15:00","1999","06","08","15:00"," ","","","","","","","","","","","","","","","","","","",""
"1999-06-08 16:00","1999","06","08","16:00"," ","","","","","","","","","","","","","","","","","","",""
"1999-06-08 17:00","1999","06","08","17:00"," ","","","","","","","","","","","","","","","","","","",""
"1999-06-08 18:00","1999","06","08","18:00"," ","","","","","","","","","","","","","","","","","","",""
"1999-06-08 19:00","1999","06","08","19:00"," ","","","","","","","","","","","","","","","","","","",""
"1999-06-08 20:00","1999","06","08","20:00"," ","","","","","","","","","","","","","","","","","","",""
"1999-06-08 21:00","1999","06","08","21:00"," ","","","","","","","","","","","","","","","","","","",""
"1999-06-08 22:00","1999","06","08","22:00"," ","","","","","","","","","","","","","","","","","","",""
"1999-06-08 23:00","1999","06","08","23:00"," ","","","","","","","","","","","","","","","","","","",""
"1999-06-09 00:00","1999","06","09","00:00"," ","","","","","","","","","","","","","","","","","","",""
"1999-06-09 01:00","1999","06","09","01:00"," ","","","","","","","","","","","","","","","","","","",""
"1999-06-09 02:00","1999","06","09","02:00"," ","","","","","","","","","","","","","","","","","","",""
"1999-06-09 03:00","1999","06","09","03:00"," ","","","","","","","","","","","","","","","","","","",""
"1999-06-09 04:00","1999","06","09","04:00"," ","","","","","","","","","","","","","","","","","","",""
"1999-06-09 05:00","1999","06","09","05:00"," ","","","","","","","","","","","","","","","","","","",""
"1999-06-09 06:00","1999","06","09","06:00"," ","10,00","","5,50","","74,00","","3,00","","6,00","","24,10","","92,27","","","","","","Généralement dégagé"
"1999-06-09 07:00","1999","06","09","07:00"," ","11,60","","5,60","","67,00","","2,00","","15,00","","24,10","","92,33","","","","","","Généralement dégagé"
"1999-06-09 08:00","1999","06","09","08:00"," ","13,00","","5,70","","61,00","","5,00","","11,00","","24,10","","92,33","","","","","","Généralement dégagé"
"1999-06-09 09:00","1999","06","09","09:00"," ","14,20","","3,90","","50,00","","33,00","","13,00","","24,10","","92,33","","","","","","Généralement dégagé"
"1999-06-09 10:00","1999","06","09","10:00"," ","15,00","","2,90","","44,00","","35,00","","11,00","","24,10","","92,30","","","","","","Généralement dégagé"
"1999-06-09 11:00","1999","06","09","11:00"," ","16,80","","1,40","","35,00","","33,00","","11,00","","24,10","","92,27","","","","","","Généralement dégagé"
"1999-06-09 12:00","1999","06","09","12:00"," ","17,00","","0,00","","32,00","","34,00","","7,00","","24,10","","92,24","","","","","","Généralement dégagé"
"1999-06-09 13:00","1999","06","09","13:00"," ","18,50","","-0,30","","28,00","","33,00","","6,00","","24,10","","92,20","","","","","","Généralement dégagé"
"1999-06-09 14:00","1999","06","09","14:00"," ","","","","","","","","","","","","","","","","","","",""
"1999-06-09 15:00","1999","06","09","15:00"," ","","","","","","","","","","","","","","","","","","",""
"1999-06-09 16:00","1999","06","09","16:00"," ","","","","","","","","","","","","","","","","","","",""
"1999-06-09 17:00","1999","06","09","17:00"," ","","","","","","","","","","","","","","","","","","",""
"1999-06-09 18:00","1999","06","09","18:00"," ","","","","","","","","","","","","","","","","","","",""
"1999-06-09 19:00","1999","06","09","19:00"," ","","","","","","","","","","","","","","","","","","",""
"1999-06-09 20:00","1999","06","09","20:00"," ","","","","","","","","","","","","","","","","","","",""
"1999-06-09 21:00","1999","06","09","21:00"," ","","","","","","","","","","","","","","","","","","",""
"1999-06-09 22:00","1999","06","09","22:00"," ","","","","","","","","","","","","","","","","","","",""
"1999-06-09 23:00","1999","06","09","23:00"," ","","","","","","","","","","","","","","","","","","",""
"1999-06-10 00:00","1999","06","10","00:00"," ","","","","","","","","","","","","","","","","","","",""
"1999-06-10 01:00","1999","06","10","01:00"," ","","","","","","","","","","","","","","","","","","",""
"1999-06-10 02:00","1999","06","10","02:00"," ","","","","","","","","","","","","","","","","","","",""
"1999-06-10 03:00","1999","06","10","03:00"," ","","","","","","","","","","","","","","","","","","",""
"1999-06-10 04:00","1999","06","10","04:00"," ","","","","","","","","","","","","","","","","","","",""
"1999-06-10 05:00","1999","06","10","05:00"," ","","","","","","","","","","","","","","","","","","",""
"1999-06-10 06:00","1999","06","10","06:00"," ","7,40","","2,10","","69,00","","17,00","","4,00","","24,10","","92,27","","","","","","Généralement nuageux"
"1999-06-10 07:00","1999","06","10","07:00"," ","9,60","","3,70","","67,00","","20,00","","11,00","","24,10","","92,27","","","","","","Généralement nuageux"
"1999-06-10 08:00","1999","06","10","08:00"," ","11,70","","4,30","","60,00","","19,00","","4,00","","24,10","","92,24","","","","","","Généralement nuageux"
"1999-06-10 09:00","1999","06","10","09:00"," ","14,10","","4,40","","52,00","","15,00","","13,00","","24,10","","92,20","","","","","","Généralement nuageux"
"1999-06-10 10:00","1999","06","10","10:00"," ","16,50","","3,50","","42,00","","24,00","","11,00","","24,10","","92,11","","","","","","Généralement dégagé"
"1999-06-10 11:00","1999","06","10","11:00"," ","17,80","","2,80","","37,00","","24,00","","7,00","","24,10","","92,08","","","","","","Généralement dégagé"
"1999-06-10 12:00","1999","06","10","12:00"," ","19,20","","0,40","","28,00","","24,00","","11,00","","24,10","","92,05","","","","","","Généralement dégagé"
"1999-06-10 13:00","1999","06","10","13:00"," ","20,60","","-0,60","","24,00","","16,00","","11,00","","24,10","","91,99","","","","","","Généralement dégagé"
"1999-06-10 14:00","1999","06","10","14:00"," ","","","","","","","","","","","","","","","","","","",""
"1999-06-10 15:00","1999","06","10","15:00"," ","","","","","","","","","","","","","","","","","","",""
"1999-06-10 16:00","1999","06","10","16:00"," ","","","","","","","","","","","","","","","","","","",""
"1999-06-10 17:00","1999","06","10","17:00"," ","","","","","","","","","","","","","","","","","","",""
"1999-06-10 18:00","1999","06","10","18:00"," ","","","","","","","","","","","","","","","","","","",""
"1999-06-10 19:00","1999","06","10","19:00"," ","","","","","","","","","","","","","","","","","","",""
"1999-06-10 20:00","1999","06","10","20:00"," ","","","","","","","","","","","","","","","","","","",""
"1999-06-10 21:00","1999","06","10","21:00"," ","","","","","","","","","","","","","","","","","","",""
"1999-06-10 22:00","1999","06","10","22:00"," ","","","","","","","","","","","","","","","","","","",""
"1999-06-10 23:00","1999","06","10","23:00"," ","","","","","","","","","","","","","","","","","","",""
"1999-06-11 00:00","1999","06","11","00:00"," ","","","","","","","","","","","","","","","","","","",""
"1999-06-11 01:00","1999","06","11","01:00"," ","","","","","","","","","","","","","","","","","","",""
"1999-06-11 02:00","1999","06","11","02:00"," ","","","","","","","","","","","","","","","","","","",""
"1999-06-11 03:00","1999","06","11","03:00"," ","","","","","","","","","","","","","","","","","","",""
"1999-06-11 04:00","1999","06","11","04:00"," ","","","","","","","","","","","","","","","","","","",""
"1999-06-11 05:00","1999","06","11","05:00"," ","","","","","","","","","","","","","","","","","","",""
"1999-06-11 06:00","1999","06","11","06:00"," ","6,40","","2,90","","78,00","","0,00","","0,00","","24,10","","92,39","","","","","","Généralement dégagé"
"1999-06-11 07:00","1999","06","11","07:00"," ","10,10","","2,90","","61,00","","24,00","","6,00","","24,10","","92,42","","","","","","Généralement dégagé"
"1999-06-11 08:00","1999","06","11","08:00"," ","12,10","","2,70","","53,00","","20,00","","4,00","","24,10","","92,39","","","","","","Généralement dégagé"
"1999-06-11 09:00","1999","06","11","09:00"," ","14,50","","2,70","","45,00","","19,00","","6,00","","24,10","","92,39","","","","","","Généralement dégagé"
"1999-06-11 10:00","1999","06","11","10:00"," ","17,50","","2,50","","37,00","","33,00","","6,00","","24,10","","92,36","","","","","","Généralement dégagé"
"1999-06-11 11:00","1999","06","11","11:00"," ","19,70","","1,80","","30,00","","13,00","","4,00","","24,10","","92,30","","","","","","Généralement dégagé"
"1999-06-11 12:00","1999","06","11","12:00"," ","21,40","","2,90","","30,00","","24,00","","9,00","","24,10","","92,27","","","","","","Généralement dégagé"
"1999-06-11 13:00","1999","06","11","13:00"," ","23,00","","3,80","","29,00","","17,00","","9,00","","24,10","","92,24","","","","","","Généralement dégagé"
"1999-06-11 14:00","1999","06","11","14:00"," ","","","","","","","","","","","","","","","","","","",""
"1999-06-11 15:00","1999","06","11","15:00"," ","","","","","","","","","","","","","","","","","","",""
"1999-06-11 16:00","1999","06","11","16:00"," ","","","","","","","","","","","","","","","","","","",""
"1999-06-11 17:00","1999","06","11","17:00"," ","","","","","","","","","","","","","","","","","","",""
"1999-06-11 18:00","1999","06","11","18:00"," ","","","","","","","","","","","","","","","","","","",""
"1999-06-11 19:00","1999","06","11","19:00"," ","","","","","","","","","","","","","","","","","","",""
"1999-06-11 20:00","1999","06","11","20:00"," ","","","","","","","","","","","","","","","","","","",""
"1999-06-11 21:00","1999","06","11","21:00"," ","","","","","","","","","","","","","","","","","","",""
"1999-06-11 22:00","1999","06","11","22:00"," ","","","","","","","","","","","","","","","","","","",""
"1999-06-11 23:00","1999","06","11","23:00"," ","","","","","","","","","","","","","","","","","","",""
"1999-06-12 00:00","1999","06","12","00:00"," ","","","","","","","","","","","","","","","","","","",""
"1999-06-12 01:00","1999","06","12","01:00"," ","","","","","","","","","","","","","","","","","","",""
"1999-06-12 02:00","1999","06","12","02:00"," ","","","","","","","","","","","","","","","","","","",""
"1999-06-12 03:00","1999","06","12","03:00"," ","","","","","","","","","","","","","","","","","","",""
"1999-06-12 04:00","1999","06","12","04:00"," ","","","","","","","","","","","","","","","","","","",""
"1999-06-12 05:00","1999","06","12","05:00"," ","","","","","","","","","","","","","","","","","","",""
"1999-06-12 06:00","1999","06","12","06:00"," ","","","","","","","","","","","","","","","","","","",""
"1999-06-12 07:00","1999","06","12","07:00"," ","","","","","","","","","","","","","","","","","","",""
"1999-06-12 08:00","1999","06","12","08:00"," ","","","","","","","","","","","","","","","","","","",""
"1999-06-12 09:00","1999","06","12","09:00"," ","","","","","","","","","","","","","","","","","","",""
"1999-06-12 10:00","1999","06","12","10:00"," ","","","","","","","","","","","","","","","","","","",""
"1999-06-12 11:00","1999","06","12","11:00"," ","","","","","","","","","","","","","","","","","","",""
"1999-06-12 12:00","1999","06","12","12:00"," ","","","","","","","","","","","","","","","","","","",""
"1999-06-12 13:00","1999","06","12","13:00"," ","","","","","","","","","","","","","","","","","","",""
"1999-06-12 14:00","1999","06","12","14:00"," ","","","","","","","","","","","","","","","","","","",""
"1999-06-12 15:00","1999","06","12","15:00"," ","","","","","","","","","","","","","","","","","","",""
"1999-06-12 16:00","1999","06","12","16:00"," ","","","","","","","","","","","","","","","","","","",""
"1999-06-12 17:00","1999","06","12","17:00"," ","","","","","","","","","","","","","","","","","","",""
"1999-06-12 18:00","1999","06","12","18:00"," ","","","","","","","","","","","","","","","","","","",""
"1999-06-12 19:00","1999","06","12","19:00"," ","","","","","","","","","","","","","","","","","","",""
"1999-06-12 20:00","1999","06","12","20:00"," ","","","","","","","","","","","","","","","","","","",""
"1999-06-12 21:00","1999","06","12","21:00"," ","","","","","","","","","","","","","","","","","","",""
"1999-06-12 22:00","1999","06","12","22:00"," ","","","","","","","","","","","","","","","","","","",""
"1999-06-12 23:00","1999","06","12","23:00"," ","","","","","","","","","","","","","","","","","","",""
"1999-06-13 00:00","1999","06","13","00:00"," ","","","","","","","","","","","","","","","","","","",""
"1999-06-13 01:00","1999","06","13","01:00"," ","","","","","","","","","","","","","","","","","","",""
"1999-06-13 02:00","1999","06","13","02:00"," ","","","","","","","","","","","","","","","","","","",""
"1999-06-13 03:00","1999","06","13","03:00"," ","","","","","","","","","","","","","","","","","","",""
"1999-06-13 04:00","1999","06","13","04:00"," ","","","","","","","","","","","","","","","","","","",""
"1999-06-13 05:00","1999","06","13","05:00"," ","","","","","","","","","","","","","","","","","","",""
"1999-06-13 06:00","1999","06","13","06:00"," ","","","","","","","","","","","","","","","","","","",""
"1999-06-13 07:00","1999","06","13","07:00"," ","","","","","","","","","","","","","","","","","","",""
"1999-06-13 08:00","1999","06","13","08:00"," ","","","","","","","","","","","","","","","","","","",""
"1999-06-13 09:00","1999","06","13","09:00"," ","","","","","","","","","","","","","","","","","","",""
"1999-06-13 10:00","1999","06","13","10:00"," ","","","","","","","","","","","","","","","","","","",""
"1999-06-13 11:00","1999","06","13","11:00"," ","","","","","","","","","","","","","","","","","","",""
"1999-06-13 12:00","1999","06","13","12:00"," ","","","","","","","","","","","","","","","","","","",""
"1999-06-13 13:00","1999","06","13","13:00"," ","","","","","","","","","","","","","","","","","","",""
"1999-06-13 14:00","1999","06","13","14:00"," ","","","","","","","","","","","","","","","","","","",""
"1999-06-13 15:00","1999","06","13","15:00"," ","","","","","","","","","","","","","","","","","","",""
"1999-06-13 16:00","1999","06","13","16:00"," ","","","","","","","","","","","","","","","","","","",""
"1999-06-13 17:00","1999","06","13","17:00"," ","","","","","","","","","","","","","","","","","","",""
"1999-06-13 18:00","1999","06","13","18:00"," ","","","","","","","","","","","","","","","","","","",""
"1999-06-13 19:00","1999","06","13","19:00"," ","","","","","","","","","","","","","","","","","","",""
"1999-06-13 20:00","1999","06","13","20:00"," ","","","","","","","","","","","","","","","","","","",""
"1999-06-13 21:00","1999","06","13","21:00"," ","","","","","","","","","","","","","","","","","","",""
"1999-06-13 22:00","1999","06","13","22:00"," ","","","","","","","","","","","","","","","","","","",""
"1999-06-13 23:00","1999","06","13","23:00"," ","","","","","","","","","","","","","","","","","","",""
"1999-06-14 00:00","1999","06","14","00:00"," ","","","","","","","","","","","","","","","","","","",""
"1999-06-14 01:00","1999","06","14","01:00"," ","","","","","","","","","","","","","","","","","","",""
"1999-06-14 02:00","1999","06","14","02:00"," ","","","","","","","","","","","","","","","","","","",""
"1999-06-14 03:00","1999","06","14","03:00"," ","","","","","","","","","","","","","","","","","","",""
"1999-06-14 04:00","1999","06","14","04:00"," ","","","","","","","","","","","","","","","","","","",""
"1999-06-14 05:00","1999","06","14","05:00"," ","","","","","","","","","","","","","","","","","","",""
"1999-06-14 06:00","1999","06","14","06:00"," ","9,50","","5,00","","73,00","","5,00","","4,00","","24,10","","92,96","","","","","","Généralement nuageux"
"1999-06-14 07:00","1999","06","14","07:00"," ","11,20","","5,50","","68,00","","3,00","","11,00","","24,10","","92,92","","","","","","Généralement nuageux"
"1999-06-14 08:00","1999","06","14","08:00"," ","13,00","","4,90","","58,00","","5,00","","9,00","","24,10","","92,89","","","","","","Généralement nuageux"
"1999-06-14 09:00","1999","06","14","09:00"," ","16,40","","7,20","","54,00","","34,00","","9,00","","24,10","","92,83","","","","","","Généralement nuageux"
"1999-06-14 10:00","1999","06","14","10:00"," ","18,80","","7,60","","48,00","","1,00","","13,00","","24,10","","92,74","","","","","","Généralement nuageux"
"1999-06-14 11:00","1999","06","14","11:00"," ","20,00","","7,00","","43,00","","1,00","","4,00","","24,10","","92,64","","","","","","Généralement nuageux"
"1999-06-14 12:00","1999","06","14","12:00"," ","22,40","","5,10","","32,00","","0,00","","0,00","","24,10","","92,61","","","","","","Généralement nuageux"
"1999-06-14 13:00","1999","06","14","13:00"," ","23,00","","4,90","","31,00","","13,00","","15,00","","24,10","","92,55","","","","","","Généralement nuageux"
"1999-06-14 14:00","1999","06","14","14:00"," ","","","","","","","","","","","","","","","","","","",""
"1999-06-14 15:00","1999","06","14","15:00"," ","","","","","","","","","","","","","","","","","","",""
"1999-06-14 16:00","1999","06","14","16:00"," ","","","","","","","","","","","","","","","","","","",""
"1999-06-14 17:00","1999","06","14","17:00"," ","","","","","","","","","","","","","","","","","","",""
"1999-06-14 18:00","1999","06","14","18:00"," ","","","","","","","","","","","","","","","","","","",""
"1999-06-14 19:00","1999","06","14","19:00"," ","","","","","","","","","","","","","","","","","","",""
"1999-06-14 20:00","1999","06","14","20:00"," ","","","","","","","","","","","","","","","","","","",""
"1999-06-14 21:00","1999","06","14","21:00"," ","","","","","","","","","","","","","","","","","","",""
"1999-06-14 22:00","1999","06","14","22:00"," ","","","","","","","","","","","","","","","","","","",""
"1999-06-14 23:00","1999","06","14","23:00"," ","","","","","","","","","","","","","","","","","","",""
"1999-06-15 00:00","1999","06","15","00:00"," ","","","","","","","","","","","","","","","","","","",""
"1999-06-15 01:00","1999","06","15","01:00"," ","","","","","","","","","","","","","","","","","","",""
"1999-06-15 02:00","1999","06","15","02:00"," ","","","","","","","","","","","","","","","","","","",""
"1999-06-15 03:00","1999","06","15","03:00"," ","","","","","","","","","","","","","","","","","","",""
"1999-06-15 04:00","1999","06","15","04:00"," ","","","","","","","","","","","","","","","","","","",""
"1999-06-15 05:00","1999","06","15","05:00"," ","","","","","","","","","","","","","","","","","","",""
"1999-06-15 06:00","1999","06","15","06:00"," ","10,00","","5,10","","72,00","","3,00","","11,00","","24,10","","92,39","","","","","","Nuageux"
"1999-06-15 07:00","1999","06","15","07:00"," ","11,60","","6,80","","72,00","","5,00","","9,00","","24,10","","92,33","","","","","","Nuageux"
"1999-06-15 08:00","1999","06","15","08:00"," ","13,00","","7,00","","67,00","","5,00","","9,00","","24,10","","92,30","","","","","","Nuageux"
"1999-06-15 09:00","1999","06","15","09:00"," ","16,40","","8,40","","59,00","","26,00","","7,00","","24,10","","92,24","","","","","","Nuageux"
"1999-06-15 10:00","1999","06","15","10:00"," ","17,80","","8,00","","53,00","","20,00","","4,00","","24,10","","92,17","","","","","","Nuageux"
"1999-06-15 11:00","1999","06","15","11:00"," ","19,80","","8,60","","48,00","","4,00","","7,00","","24,10","","92,11","","","","","","Nuageux"
"1999-06-15 12:00","1999","06","15","12:00"," ","23,20","","9,00","","40,00","","1,00","","6,00","","24,10","","92,08","","","","","","Nuageux"
"1999-06-15 13:00","1999","06","15","13:00"," ","25,20","","7,00","","31,00","","15,00","","17,00","","24,10","","92,02","","25,00","","","","Nuageux"
"1999-06-15 14:00","1999","06","15","14:00"," ","","","","","","","","","","","","","","","","","","",""
"1999-06-15 15:00","1999","06","15","15:00"," ","","","","","","","","","","","","","","","","","","",""
"1999-06-15 16:00","1999","06","15","16:00"," ","","","","","","","","","","","","","","","","","","",""
"1999-06-15 17:00","1999","06","15","17:00"," ","","","","","","","","","","","","","","","","","","",""
"1999-06-15 18:00","1999","06","15","18:00"," ","","","","","","","","","","","","","","","","","","",""
"1999-06-15 19:00","1999","06","15","19:00"," ","","","","","","","","","","","","","","","","","","",""
"1999-06-15 20:00","1999","06","15","20:00"," ","","","","","","","","","","","","","","","","","","",""
"1999-06-15 21:00","1999","06","15","21:00"," ","","","","","","","","","","","","","","","","","","",""
"1999-06-15 22:00","1999","06","15","22:00"," ","","","","","","","","","","","","","","","","","","",""
"1999-06-15 23:00","1999","06","15","23:00"," ","","","","","","","","","","","","","","","","","","",""
"1999-06-16 00:00","1999","06","16","00:00"," ","","","","","","","","","","","","","","","","","","",""
"1999-06-16 01:00","1999","06","16","01:00"," ","","","","","","","","","","","","","","","","","","",""
"1999-06-16 02:00","1999","06","16","02:00"," ","","","","","","","","","","","","","","","","","","",""
"1999-06-16 03:00","1999","06","16","03:00"," ","","","","","","","","","","","","","","","","","","",""
"1999-06-16 04:00","1999","06","16","04:00"," ","","","","","","","","","","","","","","","","","","",""
"1999-06-16 05:00","1999","06","16","05:00"," ","","","","","","","","","","","","","","","","","","",""
"1999-06-16 06:00","1999","06","16","06:00"," ","11,30","","7,70","","78,00","","2,00","","9,00","","24,10","","91,45","","","","","","Généralement nuageux"
"1999-06-16 07:00","1999","06","16","07:00"," ","12,50","","8,00","","74,00","","2,00","","6,00","","24,10","","91,42","","","","","","Généralement nuageux"
"1999-06-16 08:00","1999","06","16","08:00"," ","13,90","","8,50","","70,00","","16,00","","4,00","","24,10","","91,39","","","","","","Généralement nuageux"
"1999-06-16 09:00","1999","06","16","09:00"," ","16,40","","10,30","","67,00","","23,00","","4,00","","24,10","","91,36","","","","","","Généralement nuageux"
"1999-06-16 10:00","1999","06","16","10:00"," ","17,60","","11,10","","66,00","","18,00","","9,00","","24,10","","91,30","","","","","","Généralement nuageux"
"1999-06-16 11:00","1999","06","16","11:00"," ","19,50","","9,70","","53,00","","20,00","","9,00","","24,10","","91,23","","","","","","Généralement nuageux"
"1999-06-16 12:00","1999","06","16","12:00"," ","17,50","","9,20","","58,00","","24,00","","17,00","","24,10","","91,23","","","","","","Généralement nuageux"
"1999-06-16 13:00","1999","06","16","13:00"," ","17,50","","9,20","","58,00","","24,00","","22,00","","24,10","","91,36","","","","","","Généralement nuageux"
"1999-06-16 14:00","1999","06","16","14:00"," ","","","","","","","","","","","","","","","","","","",""
"1999-06-16 15:00","1999","06","16","15:00"," ","","","","","","","","","","","","","","","","","","",""
"1999-06-16 16:00","1999","06","16","16:00"," ","","","","","","","","","","","","","","","","","","",""
"1999-06-16 17:00","1999","06","16","17:00"," ","","","","","","","","","","","","","","","","","","",""
"1999-06-16 18:00","1999","06","16","18:00"," ","","","","","","","","","","","","","","","","","","",""
"1999-06-16 19:00","1999","06","16","19:00"," ","","","","","","","","","","","","","","","","","","",""
"1999-06-16 20:00","1999","06","16","20:00"," ","","","","","","","","","","","","","","","","","","",""
"1999-06-16 21:00","1999","06","16","21:00"," ","","","","","","","","","","","","","","","","","","",""
"1999-06-16 22:00","1999","06","16","22:00"," ","","","","","","","","","","","","","","","","","","",""
"1999-06-16 23:00","1999","06","16","23:00"," ","","","","","","","","","","","","","","","","","","",""
"1999-06-17 00:00","1999","06","17","00:00"," ","","","","","","","","","","","","","","","","","","",""
"1999-06-17 01:00","1999","06","17","01:00"," ","","","","","","","","","","","","","","","","","","",""
"1999-06-17 02:00","1999","06","17","02:00"," ","","","","","","","","","","","","","","","","","","",""
"1999-06-17 03:00","1999","06","17","03:00"," ","","","","","","","","","","","","","","","","","","",""
"1999-06-17 04:00","1999","06","17","04:00"," ","","","","","","","","","","","","","","","","","","",""
"1999-06-17 05:00","1999","06","17","05:00"," ","","","","","","","","","","","","","","","","","","",""
"1999-06-17 06:00","1999","06","17","06:00"," ","6,80","","5,20","","90,00","","0,00","","0,00","","24,10","","92,14","","","","","","Généralement dégagé"
"1999-06-17 07:00","1999","06","17","07:00"," ","9,30","","6,30","","81,00","","8,00","","4,00","","24,10","","92,11","","","","","","Généralement dégagé"
"1999-06-17 08:00","1999","06","17","08:00"," ","11,00","","7,50","","79,00","","2,00","","6,00","","24,10","","92,05","","","","","","Généralement dégagé"
"1999-06-17 09:00","1999","06","17","09:00"," ","11,00","","7,50","","79,00","","26,00","","4,00","","24,10","","91,99","","","","","","Généralement nuageux"
"1999-06-17 10:00","1999","06","17","10:00"," ","14,00","","8,50","","69,00","","15,00","","4,00","","24,10","","91,99","","","","","","Généralement nuageux"
"1999-06-17 11:00","1999","06","17","11:00"," ","15,30","","8,00","","62,00","","15,00","","7,00","","24,10","","91,95","","","","","","Généralement nuageux"
"1999-06-17 12:00","1999","06","17","12:00"," ","15,60","","4,50","","48,00","","25,00","","7,00","","24,10","","91,92","","","","","","Généralement nuageux"
"1999-06-17 13:00","1999","06","17","13:00"," ","17,60","","5,90","","46,00","","20,00","","4,00","","24,10","","91,86","","","","","","Généralement nuageux"
"1999-06-17 14:00","1999","06","17","14:00"," ","","","","","","","","","","","","","","","","","","",""
"1999-06-17 15:00","1999","06","17","15:00"," ","","","","","","","","","","","","","","","","","","",""
"1999-06-17 16:00","1999","06","17","16:00"," ","","","","","","","","","","","","","","","","","","",""
"1999-06-17 17:00","1999","06","17","17:00"," ","","","","","","","","","","","","","","","","","","",""
"1999-06-17 18:00","1999","06","17","18:00"," ","","","","","","","","","","","","","","","","","","",""
"1999-06-17 19:00","1999","06","17","19:00"," ","","","","","","","","","","","","","","","","","","",""
"1999-06-17 20:00","1999","06","17","20:00"," ","","","","","","","","","","","","","","","","","","",""
"1999-06-17 21:00","1999","06","17","21:00"," ","","","","","","","","","","","","","","","","","","",""
"1999-06-17 22:00","1999","06","17","22:00"," ","","","","","","","","","","","","","","","","","","",""
"1999-06-17 23:00","1999","06","17","23:00"," ","","","","","","","","","","","","","","","","","","",""
"1999-06-18 00:00","1999","06","18","00:00"," ","","","","","","","","","","","","","","","","","","",""
"1999-06-18 01:00","1999","06","18","01:00"," ","","","","","","","","","","","","","","","","","","",""
"1999-06-18 02:00","1999","06","18","02:00"," ","","","","","","","","","","","","","","","","","","",""
"1999-06-18 03:00","1999","06","18","03:00"," ","","","","","","","","","","","","","","","","","","",""
"1999-06-18 04:00","1999","06","18","04:00"," ","","","","","","","","","","","","","","","","","","",""
"1999-06-18 05:00","1999","06","18","05:00"," ","","","","","","","","","","","","","","","","","","",""
"1999-06-18 06:00","1999","06","18","06:00"," ","8,50","","5,10","","79,00","","0,00","","0,00","","24,10","","91,89","","","","","","Généralement dégagé"
"1999-06-18 07:00","1999","06","18","07:00"," ","11,40","","6,40","","71,00","","0,00","","0,00","","24,10","","91,86","","","","","","Généralement dégagé"
"1999-06-18 08:00","1999","06","18","08:00"," ","13,90","","7,40","","65,00","","0,00","","0,00","","24,10","","91,80","","","","","","Généralement dégagé"
"1999-06-18 09:00","1999","06","18","09:00"," ","15,00","","5,70","","54,00","","16,00","","6,00","","24,10","","91,73","","","","","","Généralement dégagé"
"1999-06-18 10:00","1999","06","18","10:00"," ","17,60","","4,90","","43,00","","0,00","","0,00","","24,10","","91,67","","","","","","Généralement dégagé"
"1999-06-18 11:00","1999","06","18","11:00"," ","19,00","","4,70","","39,00","","24,00","","6,00","","24,10","","91,61","","","","","","Généralement nuageux"
"1999-06-18 12:00","1999","06","18","12:00"," ","18,60","","6,30","","45,00","","26,00","","11,00","","24,10","","91,58","","","","","","Généralement nuageux"
"1999-06-18 13:00","1999","06","18","13:00"," ","19,60","","4,00","","36,00","","18,00","","13,00","","24,10","","91,52","","","","","","Généralement nuageux"
"1999-06-18 14:00","1999","06","18","14:00"," ","","","","","","","","","","","","","","","","","","",""
"1999-06-18 15:00","1999","06","18","15:00"," ","","","","","","","","","","","","","","","","","","",""
"1999-06-18 16:00","1999","06","18","16:00"," ","","","","","","","","","","","","","","","","","","",""
"1999-06-18 17:00","1999","06","18","17:00"," ","","","","","","","","","","","","","","","","","","",""
"1999-06-18 18:00","1999","06","18","18:00"," ","","","","","","","","","","","","","","","","","","",""
"1999-06-18 19:00","1999","06","18","19:00"," ","","","","","","","","","","","","","","","","","","",""
"1999-06-18 20:00","1999","06","18","20:00"," ","","","","","","","","","","","","","","","","","","",""
"1999-06-18 21:00","1999","06","18","21:00"," ","","","","","","","","","","","","","","","","","","",""
"1999-06-18 22:00","1999","06","18","22:00"," ","","","","","","","","","","","","","","","","","","",""
"1999-06-18 23:00","1999","06","18","23:00"," ","","","","","","","","","","","","","","","","","","",""
"1999-06-19 00:00","1999","06","19","00:00"," ","","","","","","","","","","","","","","","","","","",""
"1999-06-19 01:00","1999","06","19","01:00"," ","","","","","","","","","","","","","","","","","","",""
"1999-06-19 02:00","1999","06","19","02:00"," ","","","","","","","","","","","","","","","","","","",""
"1999-06-19 03:00","1999","06","19","03:00"," ","","","","","","","","","","","","","","","","","","",""
"1999-06-19 04:00","1999","06","19","04:00"," ","","","","","","","","","","","","","","","","","","",""
"1999-06-19 05:00","1999","06","19","05:00"," ","","","","","","","","","","","","","","","","","","",""
"1999-06-19 06:00","1999","06","19","06:00"," ","","","","","","","","","","","","","","","","","","",""
"1999-06-19 07:00","1999","06","19","07:00"," ","","","","","","","","","","","","","","","","","","",""
"1999-06-19 08:00","1999","06","19","08:00"," ","","","","","","","","","","","","","","","","","","",""
"1999-06-19 09:00","1999","06","19","09:00"," ","","","","","","","","","","","","","","","","","","",""
"1999-06-19 10:00","1999","06","19","10:00"," ","","","","","","","","","","","","","","","","","","",""
"1999-06-19 11:00","1999","06","19","11:00"," ","","","","","","","","","","","","","","","","","","",""
"1999-06-19 12:00","1999","06","19","12:00"," ","","","","","","","","","","","","","","","","","","",""
"1999-06-19 13:00","1999","06","19","13:00"," ","","","","","","","","","","","","","","","","","","",""
"1999-06-19 14:00","1999","06","19","14:00"," ","","","","","","","","","","","","","","","","","","",""
"1999-06-19 15:00","1999","06","19","15:00"," ","","","","","","","","","","","","","","","","","","",""
"1999-06-19 16:00","1999","06","19","16:00"," ","","","","","","","","","","","","","","","","","","",""
"1999-06-19 17:00","1999","06","19","17:00"," ","","","","","","","","","","","","","","","","","","",""
"1999-06-19 18:00","1999","06","19","18:00"," ","","","","","","","","","","","","","","","","","","",""
"1999-06-19 19:00","1999","06","19","19:00"," ","","","","","","","","","","","","","","","","","","",""
"1999-06-19 20:00","1999","06","19","20:00"," ","","","","","","","","","","","","","","","","","","",""
"1999-06-19 21:00","1999","06","19","21:00"," ","","","","","","","","","","","","","","","","","","",""
"1999-06-19 22:00","1999","06","19","22:00"," ","","","","","","","","","","","","","","","","","","",""
"1999-06-19 23:00","1999","06","19","23:00"," ","","","","","","","","","","","","","","","","","","",""
"1999-06-20 00:00","1999","06","20","00:00"," ","","","","","","","","","","","","","","","","","","",""
"1999-06-20 01:00","1999","06","20","01:00"," ","","","","","","","","","","","","","","","","","","",""
"1999-06-20 02:00","1999","06","20","02:00"," ","","","","","","","","","","","","","","","","","","",""
"1999-06-20 03:00","1999","06","20","03:00"," ","","","","","","","","","","","","","","","","","","",""
"1999-06-20 04:00","1999","06","20","04:00"," ","","","","","","","","","","","","","","","","","","",""
"1999-06-20 05:00","1999","06","20","05:00"," ","","","","","","","","","","","","","","","","","","",""
"1999-06-20 06:00","1999","06","20","06:00"," ","","","","","","","","","","","","","","","","","","",""
"1999-06-20 07:00","1999","06","20","07:00"," ","","","","","","","","","","","","","","","","","","",""
"1999-06-20 08:00","1999","06","20","08:00"," ","","","","","","","","","","","","","","","","","","",""
"1999-06-20 09:00","1999","06","20","09:00"," ","","","","","","","","","","","","","","","","","","",""
"1999-06-20 10:00","1999","06","20","10:00"," ","","","","","","","","","","","","","","","","","","",""
"1999-06-20 11:00","1999","06","20","11:00"," ","","","","","","","","","","","","","","","","","","",""
"1999-06-20 12:00","1999","06","20","12:00"," ","","","","","","","","","","","","","","","","","","",""
"1999-06-20 13:00","1999","06","20","13:00"," ","","","","","","","","","","","","","","","","","","",""
"1999-06-20 14:00","1999","06","20","14:00"," ","","","","","","","","","","","","","","","","","","",""
"1999-06-20 15:00","1999","06","20","15:00"," ","","","","","","","","","","","","","","","","","","",""
"1999-06-20 16:00","1999","06","20","16:00"," ","","","","","","","","","","","","","","","","","","",""
"1999-06-20 17:00","1999","06","20","17:00"," ","","","","","","","","","","","","","","","","","","",""
"1999-06-20 18:00","1999","06","20","18:00"," ","","","","","","","","","","","","","","","","","","",""
"1999-06-20 19:00","1999","06","20","19:00"," ","","","","","","","","","","","","","","","","","","",""
"1999-06-20 20:00","1999","06","20","20:00"," ","","","","","","","","","","","","","","","","","","",""
"1999-06-20 21:00","1999","06","20","21:00"," ","","","","","","","","","","","","","","","","","","",""
"1999-06-20 22:00","1999","06","20","22:00"," ","","","","","","","","","","","","","","","","","","",""
"1999-06-20 23:00","1999","06","20","23:00"," ","","","","","","","","","","","","","","","","","","",""
"1999-06-21 00:00","1999","06","21","00:00"," ","","","","","","","","","","","","","","","","","","",""
"1999-06-21 01:00","1999","06","21","01:00"," ","","","","","","","","","","","","","","","","","","",""
"1999-06-21 02:00","1999","06","21","02:00"," ","","","","","","","","","","","","","","","","","","",""
"1999-06-21 03:00","1999","06","21","03:00"," ","","","","","","","","","","","","","","","","","","",""
"1999-06-21 04:00","1999","06","21","04:00"," ","","","","","","","","","","","","","","","","","","",""
"1999-06-21 05:00","1999","06","21","05:00"," ","","","","","","","","","","","","","","","","","","",""
"1999-06-21 06:00","1999","06","21","06:00"," ","6,20","","3,60","","83,00","","18,00","","6,00","","24,10","","91,11","","","","","","Nuageux"
"1999-06-21 07:00","1999","06","21","07:00"," ","6,40","","4,20","","86,00","","18,00","","4,00","","24,10","","91,11","","","","","","Nuageux"
"1999-06-21 08:00","1999","06","21","08:00"," ","7,00","","4,70","","85,00","","14,00","","7,00","","24,10","","91,11","","","","","","Nuageux"
"1999-06-21 09:00","1999","06","21","09:00"," ","7,60","","3,90","","77,00","","16,00","","13,00","","24,10","","91,11","","","","","","Nuageux"
"1999-06-21 10:00","1999","06","21","10:00"," ","8,90","","4,80","","75,00","","16,00","","6,00","","24,10","","91,11","","","","","","Nuageux"
"1999-06-21 11:00","1999","06","21","11:00"," ","9,20","","2,20","","62,00","","26,00","","13,00","","24,10","","91,11","","","","","","Nuageux"
"1999-06-21 12:00","1999","06","21","12:00"," ","9,50","","3,20","","65,00","","24,00","","19,00","","24,10","","91,14","","","","","","Nuageux"
"1999-06-21 13:00","1999","06","21","13:00"," ","10,30","","3,10","","61,00","","18,00","","9,00","","24,10","","91,14","","","","","","Nuageux"
"1999-06-21 14:00","1999","06","21","14:00"," ","","","","","","","","","","","","","","","","","","",""
"1999-06-21 15:00","1999","06","21","15:00"," ","","","","","","","","","","","","","","","","","","",""
"1999-06-21 16:00","1999","06","21","16:00"," ","","","","","","","","","","","","","","","","","","",""
"1999-06-21 17:00","1999","06","21","17:00"," ","","","","","","","","","","","","","","","","","","",""
"1999-06-21 18:00","1999","06","21","18:00"," ","","","","","","","","","","","","","","","","","","",""
"1999-06-21 19:00","1999","06","21","19:00"," ","","","","","","","","","","","","","","","","","","",""
"1999-06-21 20:00","1999","06","21","20:00"," ","","","","","","","","","","","","","","","","","","",""
"1999-06-21 21:00","1999","06","21","21:00"," ","","","","","","","","","","","","","","","","","","",""
"1999-06-21 22:00","1999","06","21","22:00"," ","","","","","","","","","","","","","","","","","","",""
"1999-06-21 23:00","1999","06","21","23:00"," ","","","","","","","","","","","","","","","","","","",""
"1999-06-22 00:00","1999","06","22","00:00"," ","","","","","","","","","","","","","","","","","","",""
"1999-06-22 01:00","1999","06","22","01:00"," ","","","","","","","","","","","","","","","","","","",""
"1999-06-22 02:00","1999","06","22","02:00"," ","","","","","","","","","","","","","","","","","","",""
"1999-06-22 03:00","1999","06","22","03:00"," ","","","","","","","","","","","","","","","","","","",""
"1999-06-22 04:00","1999","06","22","04:00"," ","","","","","","","","","","","","","","","","","","",""
"1999-06-22 05:00","1999","06","22","05:00"," ","","","","","","","","","","","","","","","","","","",""
"1999-06-22 06:00","1999","06","22","06:00"," ","6,40","","3,70","","83,00","","13,00","","4,00","","24,10","","91,55","","","","","","Nuageux"
"1999-06-22 07:00","1999","06","22","07:00"," ","7,20","","3,40","","77,00","","16,00","","7,00","","24,10","","91,55","","","","","","Généralement nuageux"
"1999-06-22 08:00","1999","06","22","08:00"," ","8,20","","3,70","","73,00","","20,00","","4,00","","24,10","","91,55","","","","","","Généralement nuageux"
"1999-06-22 09:00","1999","06","22","09:00"," ","10,60","","4,00","","64,00","","18,00","","7,00","","24,10","","91,52","","","","","","Généralement nuageux"
"1999-06-22 10:00","1999","06","22","10:00"," ","11,80","","2,80","","54,00","","20,00","","6,00","","24,10","","91,52","","","","","","Généralement nuageux"
"1999-06-22 11:00","1999","06","22","11:00"," ","12,00","","2,70","","53,00","","30,00","","9,00","","24,10","","91,48","","","","","","Généralement nuageux"
"1999-06-22 12:00","1999","06","22","12:00"," ","12,40","","2,90","","52,00","","2,00","","6,00","","24,10","","91,48","","","","","","Nuageux"
"1999-06-22 13:00","1999","06","22","13:00"," ","11,50","","3,90","","60,00","","35,00","","6,00","","24,10","","91,48","","","","","","Nuageux"
"1999-06-22 14:00","1999","06","22","14:00"," ","","","","","","","","","","","","","","","","","","",""
"1999-06-22 15:00","1999","06","22","15:00"," ","","","","","","","","","","","","","","","","","","",""
"1999-06-22 16:00","1999","06","22","16:00"," ","","","","","","","","","","","","","","","","","","",""
"1999-06-22 17:00","1999","06","22","17:00"," ","","","","","","","","","","","","","","","","","","",""
"1999-06-22 18:00","1999","06","22","18:00"," ","","","","","","","","","","","","","","","","","","",""
"1999-06-22 19:00","1999","06","22","19:00"," ","","","","","","","","","","","","","","","","","","",""
"1999-06-22 20:00","1999","06","22","20:00"," ","","","","","","","","","","","","","","","","","","",""
"1999-06-22 21:00","1999","06","22","21:00"," ","","","","","","","","","","","","","","","","","","",""
"1999-06-22 22:00","1999","06","22","22:00"," ","","","","","","","","","","","","","","","","","","",""
"1999-06-22 23:00","1999","06","22","23:00"," ","","","","","","","","","","","","","","","","","","",""
"1999-06-23 00:00","1999","06","23","00:00"," ","","","","","","","","","","","","","","","","","","",""
"1999-06-23 01:00","1999","06","23","01:00"," ","","","","","","","","","","","","","","","","","","",""
"1999-06-23 02:00","1999","06","23","02:00"," ","","","","","","","","","","","","","","","","","","",""
"1999-06-23 03:00","1999","06","23","03:00"," ","","","","","","","","","","","","","","","","","","",""
"1999-06-23 04:00","1999","06","23","04:00"," ","","","","","","","","","","","","","","","","","","",""
"1999-06-23 05:00","1999","06","23","05:00"," ","","","","","","","","","","","","","","","","","","",""
"1999-06-23 06:00","1999","06","23","06:00"," ","6,20","","5,20","","93,00","","0,00","","0,00","","24,10","","91,83","","","","","","Nuageux"
"1999-06-23 07:00","1999","06","23","07:00"," ","6,70","","5,40","","91,00","","16,00","","6,00","","24,10","","91,86","","","","","","Nuageux"
"1999-06-23 08:00","1999","06","23","08:00"," ","7,10","","5,90","","92,00","","0,00","","0,00","","24,10","","91,86","","","","","","Averses de pluie"
"1999-06-23 09:00","1999","06","23","09:00"," ","8,40","","6,70","","89,00","","19,00","","6,00","","24,10","","91,86","","","","","","Nuageux"
"1999-06-23 10:00","1999","06","23","10:00"," ","10,60","","6,90","","78,00","","17,00","","6,00","","24,10","","91,86","","","","","","Nuageux"
"1999-06-23 11:00","1999","06","23","11:00"," ","11,40","","6,40","","71,00","","5,00","","6,00","","24,10","","91,86","","","","","","Nuageux"
"1999-06-23 12:00","1999","06","23","12:00"," ","11,90","","5,80","","66,00","","34,00","","9,00","","24,10","","91,83","","","","","","Nuageux"
"1999-06-23 13:00","1999","06","23","13:00"," ","12,60","","6,80","","68,00","","33,00","","13,00","","24,10","","91,80","","","","","","Nuageux"
"1999-06-23 14:00","1999","06","23","14:00"," ","","","","","","","","","","","","","","","","","","",""
"1999-06-23 15:00","1999","06","23","15:00"," ","","","","","","","","","","","","","","","","","","",""
"1999-06-23 16:00","1999","06","23","16:00"," ","","","","","","","","","","","","","","","","","","",""
"1999-06-23 17:00","1999","06","23","17:00"," ","","","","","","","","","","","","","","","","","","",""
"1999-06-23 18:00","1999","06","23","18:00"," ","","","","","","","","","","","","","","","","","","",""
"1999-06-23 19:00","1999","06","23","19:00"," ","","","","","","","","","","","","","","","","","","",""
"1999-06-23 20:00","1999","06","23","20:00"," ","","","","","","","","","","","","","","","","","","",""
"1999-06-23 21:00","1999","06","23","21:00"," ","","","","","","","","","","","","","","","","","","",""
"1999-06-23 22:00","1999","06","23","22:00"," ","","","","","","","","","","","","","","","","","","",""
"1999-06-23 23:00","1999","06","23","23:00"," ","","","","","","","","","","","","","","","","","","",""
"1999-06-24 00:00","1999","06","24","00:00"," ","","","","","","","","","","","","","","","","","","",""
"1999-06-24 01:00","1999","06","24","01:00"," ","","","","","","","","","","","","","","","","","","",""
"1999-06-24 02:00","1999","06","24","02:00"," ","","","","","","","","","","","","","","","","","","",""
"1999-06-24 03:00","1999","06","24","03:00"," ","","","","","","","","","","","","","","","","","","",""
"1999-06-24 04:00","1999","06","24","04:00"," ","","","","","","","","","","","","","","","","","","",""
"1999-06-24 05:00","1999","06","24","05:00"," ","","","","","","","","","","","","","","","","","","",""
"1999-06-24 06:00","1999","06","24","06:00"," ","7,00","","7,00","","100,00","","3,00","","4,00","","2,40","","91,92","","","","","","Brouillard"
"1999-06-24 07:00","1999","06","24","07:00"," ","7,50","","7,50","","100,00","","4,00","","6,00","","2,40","","91,92","","","","","","Brouillard"
"1999-06-24 08:00","1999","06","24","08:00"," ","8,70","","7,30","","91,00","","5,00","","6,00","","16,10","","91,92","","","","","","Nuageux"
"1999-06-24 09:00","1999","06","24","09:00"," ","11,50","","8,00","","79,00","","0,00","","0,00","","24,10","","91,89","","","","","","Généralement nuageux"
"1999-06-24 10:00","1999","06","24","10:00"," ","13,10","","7,00","","66,00","","2,00","","6,00","","24,10","","91,80","","","","","","Généralement nuageux"
"1999-06-24 11:00","1999","06","24","11:00"," ","14,00","","5,70","","57,00","","2,00","","6,00","","24,10","","91,77","","","","","","Généralement nuageux"
"1999-06-24 12:00","1999","06","24","12:00"," ","16,40","","4,00","","44,00","","33,00","","15,00","","24,10","","91,70","","","","","","Généralement nuageux"
"1999-06-24 13:00","1999","06","24","13:00"," ","16,80","","1,70","","36,00","","33,00","","13,00","","24,10","","91,64","","","","","","Généralement nuageux"
"1999-06-24 14:00","1999","06","24","14:00"," ","","","","","","","","","","","","","","","","","","",""
"1999-06-24 15:00","1999","06","24","15:00"," ","","","","","","","","","","","","","","","","","","",""
"1999-06-24 16:00","1999","06","24","16:00"," ","","","","","","","","","","","","","","","","","","",""
"1999-06-24 17:00","1999","06","24","17:00"," ","","","","","","","","","","","","","","","","","","",""
"1999-06-24 18:00","1999","06","24","18:00"," ","","","","","","","","","","","","","","","","","","",""
"1999-06-24 19:00","1999","06","24","19:00"," ","","","","","","","","","","","","","","","","","","",""
"1999-06-24 20:00","1999","06","24","20:00"," ","","","","","","","","","","","","","","","","","","",""
"1999-06-24 21:00","1999","06","24","21:00"," ","","","","","","","","","","","","","","","","","","",""
"1999-06-24 22:00","1999","06","24","22:00"," ","","","","","","","","","","","","","","","","","","",""
"1999-06-24 23:00","1999","06","24","23:00"," ","","","","","","","","","","","","","","","","","","",""
"1999-06-25 00:00","1999","06","25","00:00"," ","","","","","","","","","","","","","","","","","","",""
"1999-06-25 01:00","1999","06","25","01:00"," ","","","","","","","","","","","","","","","","","","",""
"1999-06-25 02:00","1999","06","25","02:00"," ","","","","","","","","","","","","","","","","","","",""
"1999-06-25 03:00","1999","06","25","03:00"," ","","","","","","","","","","","","","","","","","","",""
"1999-06-25 04:00","1999","06","25","04:00"," ","","","","","","","","","","","","","","","","","","",""
"1999-06-25 05:00","1999","06","25","05:00"," ","","","","","","","","","","","","","","","","","","",""
"1999-06-25 06:00","1999","06","25","06:00"," ","4,50","","1,10","","79,00","","4,00","","7,00","","24,10","","91,77","","","","","","Généralement dégagé"
"1999-06-25 07:00","1999","06","25","07:00"," ","6,60","","1,00","","67,00","","1,00","","9,00","","24,10","","91,73","","","","","","Généralement dégagé"
"1999-06-25 08:00","1999","06","25","08:00"," ","9,70","","1,80","","58,00","","4,00","","6,00","","24,10","","91,70","","","","","","Généralement dégagé"
"1999-06-25 09:00","1999","06","25","09:00"," ","12,40","","2,40","","50,00","","4,00","","9,00","","24,10","","91,64","","","","","","Généralement dégagé"
"1999-06-25 10:00","1999","06","25","10:00"," ","15,50","","3,10","","43,00","","5,00","","6,00","","24,10","","91,61","","","","","","Généralement dégagé"
"1999-06-25 11:00","1999","06","25","11:00"," ","17,70","","2,50","","36,00","","8,00","","9,00","","24,10","","91,58","","","","","","Généralement dégagé"
"1999-06-25 12:00","1999","06","25","12:00"," ","19,00","","3,30","","35,00","","16,00","","6,00","","24,10","","91,52","","","","","","Généralement dégagé"
"1999-06-25 13:00","1999","06","25","13:00"," ","18,50","","4,50","","40,00","","17,00","","6,00","","24,10","","91,52","","","","","","Généralement nuageux"
"1999-06-25 14:00","1999","06","25","14:00"," ","","","","","","","","","","","","","","","","","","",""
"1999-06-25 15:00","1999","06","25","15:00"," ","","","","","","","","","","","","","","","","","","",""
"1999-06-25 16:00","1999","06","25","16:00"," ","","","","","","","","","","","","","","","","","","",""
"1999-06-25 17:00","1999","06","25","17:00"," ","","","","","","","","","","","","","","","","","","",""
"1999-06-25 18:00","1999","06","25","18:00"," ","","","","","","","","","","","","","","","","","","",""
"1999-06-25 19:00","1999","06","25","19:00"," ","","","","","","","","","","","","","","","","","","",""
"1999-06-25 20:00","1999","06","25","20:00"," ","","","","","","","","","","","","","","","","","","",""
"1999-06-25 21:00","1999","06","25","21:00"," ","","","","","","","","","","","","","","","","","","",""
"1999-06-25 22:00","1999","06","25","22:00"," ","","","","","","","","","","","","","","","","","","",""
"1999-06-25 23:00","1999","06","25","23:00"," ","","","","","","","","","","","","","","","","","","",""
"1999-06-26 00:00","1999","06","26","00:00"," ","","","","","","","","","","","","","","","","","","",""
"1999-06-26 01:00","1999","06","26","01:00"," ","","","","","","","","","","","","","","","","","","",""
"1999-06-26 02:00","1999","06","26","02:00"," ","","","","","","","","","","","","","","","","","","",""
"1999-06-26 03:00","1999","06","26","03:00"," ","","","","","","","","","","","","","","","","","","",""
"1999-06-26 04:00","1999","06","26","04:00"," ","","","","","","","","","","","","","","","","","","",""
"1999-06-26 05:00","1999","06","26","05:00"," ","","","","","","","","","","","","","","","","","","",""
"1999-06-26 06:00","1999","06","26","06:00"," ","","","","","","","","","","","","","","","","","","",""
"1999-06-26 07:00","1999","06","26","07:00"," ","","","","","","","","","","","","","","","","","","",""
"1999-06-26 08:00","1999","06","26","08:00"," ","","","","","","","","","","","","","","","","","","",""
"1999-06-26 09:00","1999","06","26","09:00"," ","","","","","","","","","","","","","","","","","","",""
"1999-06-26 10:00","1999","06","26","10:00"," ","","","","","","","","","","","","","","","","","","",""
"1999-06-26 11:00","1999","06","26","11:00"," ","","","","","","","","","","","","","","","","","","",""
"1999-06-26 12:00","1999","06","26","12:00"," ","","","","","","","","","","","","","","","","","","",""
"1999-06-26 13:00","1999","06","26","13:00"," ","","","","","","","","","","","","","","","","","","",""
"1999-06-26 14:00","1999","06","26","14:00"," ","","","","","","","","","","","","","","","","","","",""
"1999-06-26 15:00","1999","06","26","15:00"," ","","","","","","","","","","","","","","","","","","",""
"1999-06-26 16:00","1999","06","26","16:00"," ","","","","","","","","","","","","","","","","","","",""
"1999-06-26 17:00","1999","06","26","17:00"," ","","","","","","","","","","","","","","","","","","",""
"1999-06-26 18:00","1999","06","26","18:00"," ","","","","","","","","","","","","","","","","","","",""
"1999-06-26 19:00","1999","06","26","19:00"," ","","","","","","","","","","","","","","","","","","",""
"1999-06-26 20:00","1999","06","26","20:00"," ","","","","","","","","","","","","","","","","","","",""
"1999-06-26 21:00","1999","06","26","21:00"," ","","","","","","","","","","","","","","","","","","",""
"1999-06-26 22:00","1999","06","26","22:00"," ","","","","","","","","","","","","","","","","","","",""
"1999-06-26 23:00","1999","06","26","23:00"," ","","","","","","","","","","","","","","","","","","",""
"1999-06-27 00:00","1999","06","27","00:00"," ","","","","","","","","","","","","","","","","","","",""
"1999-06-27 01:00","1999","06","27","01:00"," ","","","","","","","","","","","","","","","","","","",""
"1999-06-27 02:00","1999","06","27","02:00"," ","","","","","","","","","","","","","","","","","","",""
"1999-06-27 03:00","1999","06","27","03:00"," ","","","","","","","","","","","","","","","","","","",""
"1999-06-27 04:00","1999","06","27","04:00"," ","","","","","","","","","","","","","","","","","","",""
"1999-06-27 05:00","1999","06","27","05:00"," ","","","","","","","","","","","","","","","","","","",""
"1999-06-27 06:00","1999","06","27","06:00"," ","","","","","","","","","","","","","","","","","","",""
"1999-06-27 07:00","1999","06","27","07:00"," ","","","","","","","","","","","","","","","","","","",""
"1999-06-27 08:00","1999","06","27","08:00"," ","","","","","","","","","","","","","","","","","","",""
"1999-06-27 09:00","1999","06","27","09:00"," ","","","","","","","","","","","","","","","","","","",""
"1999-06-27 10:00","1999","06","27","10:00"," ","","","","","","","","","","","","","","","","","","",""
"1999-06-27 11:00","1999","06","27","11:00"," ","","","","","","","","","","","","","","","","","","",""
"1999-06-27 12:00","1999","06","27","12:00"," ","","","","","","","","","","","","","","","","","","",""
"1999-06-27 13:00","1999","06","27","13:00"," ","","","","","","","","","","","","","","","","","","",""
"1999-06-27 14:00","1999","06","27","14:00"," ","","","","","","","","","","","","","","","","","","",""
"1999-06-27 15:00","1999","06","27","15:00"," ","","","","","","","","","","","","","","","","","","",""
"1999-06-27 16:00","1999","06","27","16:00"," ","","","","","","","","","","","","","","","","","","",""
"1999-06-27 17:00","1999","06","27","17:00"," ","","","","","","","","","","","","","","","","","","",""
"1999-06-27 18:00","1999","06","27","18:00"," ","","","","","","","","","","","","","","","","","","",""
"1999-06-27 19:00","1999","06","27","19:00"," ","","","","","","","","","","","","","","","","","","",""
"1999-06-27 20:00","1999","06","27","20:00"," ","","","","","","","","","","","","","","","","","","",""
"1999-06-27 21:00","1999","06","27","21:00"," ","","","","","","","","","","","","","","","","","","",""
"1999-06-27 22:00","1999","06","27","22:00"," ","","","","","","","","","","","","","","","","","","",""
"1999-06-27 23:00","1999","06","27","23:00"," ","","","","","","","","","","","","","","","","","","",""
"1999-06-28 00:00","1999","06","28","00:00"," ","","","","","","","","","","","","","","","","","","",""
"1999-06-28 01:00","1999","06","28","01:00"," ","","","","","","","","","","","","","","","","","","",""
"1999-06-28 02:00","1999","06","28","02:00"," ","","","","","","","","","","","","","","","","","","",""
"1999-06-28 03:00","1999","06","28","03:00"," ","","","","","","","","","","","","","","","","","","",""
"1999-06-28 04:00","1999","06","28","04:00"," ","","","","","","","","","","","","","","","","","","",""
"1999-06-28 05:00","1999","06","28","05:00"," ","","","","","","","","","","","","","","","","","","",""
"1999-06-28 06:00","1999","06","28","06:00"," ","4,00","","1,90","","86,00","","4,00","","11,00","","24,10","","91,45","","","","","","Généralement nuageux"
"1999-06-28 07:00","1999","06","28","07:00"," ","6,50","","2,40","","75,00","","4,00","","9,00","","24,10","","91,45","","","","","","Généralement nuageux"
"1999-06-28 08:00","1999","06","28","08:00"," ","8,70","","2,50","","65,00","","35,00","","6,00","","24,10","","91,39","","","","","","Généralement nuageux"
"1999-06-28 09:00","1999","06","28","09:00"," ","11,00","","2,30","","55,00","","36,00","","4,00","","24,10","","91,27","","","","","","Généralement nuageux"
"1999-06-28 10:00","1999","06","28","10:00"," ","15,00","","3,40","","46,00","","15,00","","11,00","","24,10","","91,33","","","","","","Généralement nuageux"
"1999-06-28 11:00","1999","06","28","11:00"," ","17,00","","1,70","","36,00","","18,00","","19,00","","24,10","","91,33","","","","","","Nuageux"
"1999-06-28 12:00","1999","06","28","12:00"," ","16,00","","1,90","","39,00","","15,00","","15,00","","24,10","","91,33","","","","","","Nuageux"
"1999-06-28 13:00","1999","06","28","13:00"," ","13,40","","4,20","","54,00","","23,00","","9,00","","24,10","","91,33","","","","","","Nuageux"
"1999-06-28 14:00","1999","06","28","14:00"," ","","","","","","","","","","","","","","","","","","",""
"1999-06-28 15:00","1999","06","28","15:00"," ","","","","","","","","","","","","","","","","","","",""
"1999-06-28 16:00","1999","06","28","16:00"," ","","","","","","","","","","","","","","","","","","",""
"1999-06-28 17:00","1999","06","28","17:00"," ","","","","","","","","","","","","","","","","","","",""
"1999-06-28 18:00","1999","06","28","18:00"," ","","","","","","","","","","","","","","","","","","",""
"1999-06-28 19:00","1999","06","28","19:00"," ","","","","","","","","","","","","","","","","","","",""
"1999-06-28 20:00","1999","06","28","20:00"," ","","","","","","","","","","","","","","","","","","",""
"1999-06-28 21:00","1999","06","28","21:00"," ","","","","","","","","","","","","","","","","","","",""
"1999-06-28 22:00","1999","06","28","22:00"," ","","","","","","","","","","","","","","","","","","",""
"1999-06-28 23:00","1999","06","28","23:00"," ","","","","","","","","","","","","","","","","","","",""
"1999-06-29 00:00","1999","06","29","00:00"," ","","","","","","","","","","","","","","","","","","",""
"1999-06-29 01:00","1999","06","29","01:00"," ","","","","","","","","","","","","","","","","","","",""
"1999-06-29 02:00","1999","06","29","02:00"," ","","","","","","","","","","","","","","","","","","",""
"1999-06-29 03:00","1999","06","29","03:00"," ","","","","","","","","","","","","","","","","","","",""
"1999-06-29 04:00","1999","06","29","04:00"," ","","","","","","","","","","","","","","","","","","",""
"1999-06-29 05:00","1999","06","29","05:00"," ","","","","","","","","","","","","","","","","","","",""
"1999-06-29 06:00","1999","06","29","06:00"," ","5,00","","4,20","","95,00","","16,00","","4,00","","24,10","","91,48","","","","","","Généralement nuageux"
"1999-06-29 07:00","1999","06","29","07:00"," ","6,30","","5,00","","91,00","","9,00","","4,00","","24,10","","91,52","","","","","","Nuageux"
"1999-06-29 08:00","1999","06","29","08:00"," ","7,50","","4,80","","83,00","","33,00","","4,00","","24,10","","91,48","","","","","","Généralement nuageux"
"1999-06-29 09:00","1999","06","29","09:00"," ","9,30","","5,00","","74,00","","27,00","","4,00","","24,10","","91,48","","","","","","Généralement nuageux"
"1999-06-29 10:00","1999","06","29","10:00"," ","10,00","","2,50","","60,00","","24,00","","6,00","","24,10","","91,48","","","","","","Nuageux"
"1999-06-29 11:00","1999","06","29","11:00"," ","10,60","","2,20","","56,00","","27,00","","9,00","","24,10","","91,48","","","","","","Généralement nuageux"
"1999-06-29 12:00","1999","06","29","12:00"," ","10,00","","3,40","","64,00","","18,00","","15,00","","24,10","","91,48","","","","","","Généralement nuageux"
"1999-06-29 13:00","1999","06","29","13:00"," ","8,20","","4,50","","77,00","","12,00","","13,00","","24,10","","91,48","","","","","","Averses de pluie"
"1999-06-29 14:00","1999","06","29","14:00"," ","","","","","","","","","","","","","","","","","","",""
"1999-06-29 15:00","1999","06","29","15:00"," ","","","","","","","","","","","","","","","","","","",""
"1999-06-29 16:00","1999","06","29","16:00"," ","","","","","","","","","","","","","","","","","","",""
"1999-06-29 17:00","1999","06","29","17:00"," ","","","","","","","","","","","","","","","","","","",""
"1999-06-29 18:00","1999","06","29","18:00"," ","","","","","","","","","","","","","","","","","","",""
"1999-06-29 19:00","1999","06","29","19:00"," ","","","","","","","","","","","","","","","","","","",""
"1999-06-29 20:00","1999","06","29","20:00"," ","","","","","","","","","","","","","","","","","","",""
"1999-06-29 21:00","1999","06","29","21:00"," ","","","","","","","","","","","","","","","","","","",""
"1999-06-29 22:00","1999","06","29","22:00"," ","","","","","","","","","","","","","","","","","","",""
"1999-06-29 23:00","1999","06","29","23:00"," ","","","","","","","","","","","","","","","","","","",""
"1999-06-30 00:00","1999","06","30","00:00"," ","","","","","","","","","","","","","","","","","","",""
"1999-06-30 01:00","1999","06","30","01:00"," ","","","","","","","","","","","","","","","","","","",""
"1999-06-30 02:00","1999","06","30","02:00"," ","","","","","","","","","","","","","","","","","","",""
"1999-06-30 03:00","1999","06","30","03:00"," ","","","","","","","","","","","","","","","","","","",""
"1999-06-30 04:00","1999","06","30","04:00"," ","","","","","","","","","","","","","","","","","","",""
"1999-06-30 05:00","1999","06","30","05:00"," ","","","","","","","","","","","","","","","","","","",""
"1999-06-30 06:00","1999","06","30","06:00"," ","3,50","","1,40","","86,00","","3,00","","6,00","","24,10","","91,67","","","","","","Généralement nuageux"
"1999-06-30 07:00","1999","06","30","07:00"," ","5,70","","2,60","","80,00","","2,00","","6,00","","24,10","","91,64","","","","","","Généralement nuageux"
"1999-06-30 08:00","1999","06","30","08:00"," ","7,90","","2,40","","68,00","","2,00","","6,00","","24,10","","91,64","","","","","","Généralement nuageux"
"1999-06-30 09:00","1999","06","30","09:00"," ","10,30","","3,10","","61,00","","7,00","","6,00","","24,10","","91,61","","","","","","Généralement nuageux"
"1999-06-30 10:00","1999","06","30","10:00"," ","11,60","","3,00","","55,00","","0,00","","0,00","","24,10","","91,58","","","","","","Généralement nuageux"
"1999-06-30 11:00","1999","06","30","11:00"," ","12,30","","2,40","","51,00","","0,00","","0,00","","24,10","","91,58","","","","","","Généralement nuageux"
"1999-06-30 12:00","1999","06","30","12:00"," ","13,20","","1,00","","43,00","","8,00","","4,00","","24,10","","91,55","","","","","","Généralement nuageux"
"1999-06-30 13:00","1999","06","30","13:00"," ","13,60","","2,30","","46,00","","29,00","","4,00","","24,10","","91,52","","","","","","Généralement nuageux"
"1999-06-30 14:00","1999","06","30","14:00"," ","","","","","","","","","","","","","","","","","","",""
"1999-06-30 15:00","1999","06","30","15:00"," ","","","","","","","","","","","","","","","","","","",""
"1999-06-30 16:00","1999","06","30","16:00"," ","","","","","","","","","","","","","","","","","","",""
"1999-06-30 17:00","1999","06","30","17:00"," ","","","","","","","","","","","","","","","","","","",""
"1999-06-30 18:00","1999","06","30","18:00"," ","","","","","","","","","","","","","","","","","","",""
"1999-06-30 19:00","1999","06","30","19:00"," ","","","","","","","","","","","","","","","","","","",""
"1999-06-30 20:00","1999","06","30","20:00"," ","","","","","","","","","","","","","","","","","","",""
"1999-06-30 21:00","1999","06","30","21:00"," ","","","","","","","","","","","","","","","","","","",""
"1999-06-30 22:00","1999","06","30","22:00"," ","","","","","","","","","","","","","","","","","","",""
"1999-06-30 23:00","1999","06","30","23:00"," ","","","","","","","","","","","","","","","","","","",""
